-- ----------------------------
-- Este archivo se debe guardar con codificacion utf8
-- ----------------------------

INSERT INTO `registro_pais` (id, iso, pais) VALUES ('1', 'AF', 'Afganistán');
INSERT INTO `registro_pais` (id, iso, pais) VALUES ('2', 'AX', 'Islas Gland');
INSERT INTO `registro_pais` (id, iso, pais) VALUES ('3', 'AL', 'Albania');
INSERT INTO `registro_pais` (id, iso, pais) VALUES ('4', 'DE', 'Alemania');
INSERT INTO `registro_pais` (id, iso, pais) VALUES ('5', 'AD', 'Andorra');
INSERT INTO `registro_pais` (id, iso, pais) VALUES ('6', 'AO', 'Angola');
INSERT INTO `registro_pais` (id, iso, pais) VALUES ('7', 'AI', 'Anguilla');
INSERT INTO `registro_pais` (id, iso, pais) VALUES ('8', 'AQ', 'Antártida');
INSERT INTO `registro_pais` (id, iso, pais) VALUES ('9', 'AG', 'Antigua y Barbuda');
INSERT INTO `registro_pais` (id, iso, pais) VALUES ('10', 'AN', 'Antillas Holandesas');
INSERT INTO `registro_pais` (id, iso, pais) VALUES ('11', 'SA', 'Arabia Saudí');
INSERT INTO `registro_pais` (id, iso, pais) VALUES ('12', 'DZ', 'Argelia');
INSERT INTO `registro_pais` (id, iso, pais) VALUES ('13', 'AR', 'Argentina');
INSERT INTO `registro_pais` (id, iso, pais) VALUES ('14', 'AM', 'Armenia');
INSERT INTO `registro_pais` (id, iso, pais) VALUES ('15', 'AW', 'Aruba');
INSERT INTO `registro_pais` (id, iso, pais) VALUES ('16', 'AU', 'Australia');
INSERT INTO `registro_pais` (id, iso, pais) VALUES ('17', 'AT', 'Austria');
INSERT INTO `registro_pais` (id, iso, pais) VALUES ('18', 'AZ', 'Azerbaiyán');
INSERT INTO `registro_pais` (id, iso, pais) VALUES ('19', 'BS', 'Bahamas');
INSERT INTO `registro_pais` (id, iso, pais) VALUES ('20', 'BH', 'Bahréin');
INSERT INTO `registro_pais` (id, iso, pais) VALUES ('21', 'BD', 'Bangladesh');
INSERT INTO `registro_pais` (id, iso, pais) VALUES ('22', 'BB', 'Barbados');
INSERT INTO `registro_pais` (id, iso, pais) VALUES ('23', 'BY', 'Bielorrusia');
INSERT INTO `registro_pais` (id, iso, pais) VALUES ('24', 'BE', 'Bélgica');
INSERT INTO `registro_pais` (id, iso, pais) VALUES ('25', 'BZ', 'Belice');
INSERT INTO `registro_pais` (id, iso, pais) VALUES ('26', 'BJ', 'Benin');
INSERT INTO `registro_pais` (id, iso, pais) VALUES ('27', 'BM', 'Bermudas');
INSERT INTO `registro_pais` (id, iso, pais) VALUES ('28', 'BT', 'Bhután');
INSERT INTO `registro_pais` (id, iso, pais) VALUES ('29', 'BO', 'Bolivia');
INSERT INTO `registro_pais` (id, iso, pais) VALUES ('30', 'BA', 'Bosnia y Herzegovina');
INSERT INTO `registro_pais` (id, iso, pais) VALUES ('31', 'BW', 'Botsuana');
INSERT INTO `registro_pais` (id, iso, pais) VALUES ('32', 'BV', 'Isla Bouvet');
INSERT INTO `registro_pais` (id, iso, pais) VALUES ('33', 'BR', 'Brasil');
INSERT INTO `registro_pais` (id, iso, pais) VALUES ('34', 'BN', 'Brunéi');
INSERT INTO `registro_pais` (id, iso, pais) VALUES ('35', 'BG', 'Bulgaria');
INSERT INTO `registro_pais` (id, iso, pais) VALUES ('36', 'BF', 'Burkina Faso');
INSERT INTO `registro_pais` (id, iso, pais) VALUES ('37', 'BI', 'Burundi');
INSERT INTO `registro_pais` (id, iso, pais) VALUES ('38', 'CV', 'Cabo Verde');
INSERT INTO `registro_pais` (id, iso, pais) VALUES ('39', 'KY', 'Islas Caimán');
INSERT INTO `registro_pais` (id, iso, pais) VALUES ('40', 'KH', 'Camboya');
INSERT INTO `registro_pais` (id, iso, pais) VALUES ('41', 'CM', 'Camerún');
INSERT INTO `registro_pais` (id, iso, pais) VALUES ('42', 'CA', 'Canadá');
INSERT INTO `registro_pais` (id, iso, pais) VALUES ('43', 'CF', 'República Centroafricana');
INSERT INTO `registro_pais` (id, iso, pais) VALUES ('44', 'TD', 'Chad');
INSERT INTO `registro_pais` (id, iso, pais) VALUES ('45', 'CZ', 'República Checa');
INSERT INTO `registro_pais` (id, iso, pais) VALUES ('46', 'CL', 'Chile');
INSERT INTO `registro_pais` (id, iso, pais) VALUES ('47', 'CN', 'China');
INSERT INTO `registro_pais` (id, iso, pais) VALUES ('48', 'CY', 'Chipre');
INSERT INTO `registro_pais` (id, iso, pais) VALUES ('49', 'CX', 'Isla de Navidad');
INSERT INTO `registro_pais` (id, iso, pais) VALUES ('50', 'VA', 'Ciudad del Vaticano');
INSERT INTO `registro_pais` (id, iso, pais) VALUES ('51', 'CC', 'Islas Cocos');
INSERT INTO `registro_pais` (id, iso, pais) VALUES ('52', 'CO', 'Colombia');
INSERT INTO `registro_pais` (id, iso, pais) VALUES ('53', 'KM', 'Comoras');
INSERT INTO `registro_pais` (id, iso, pais) VALUES ('54', 'CD', 'República Democrática del Congo');
INSERT INTO `registro_pais` (id, iso, pais) VALUES ('55', 'CG', 'Congo');
INSERT INTO `registro_pais` (id, iso, pais) VALUES ('56', 'CK', 'Islas Cook');
INSERT INTO `registro_pais` (id, iso, pais) VALUES ('57', 'KP', 'Corea del Norte');
INSERT INTO `registro_pais` (id, iso, pais) VALUES ('58', 'KR', 'Corea del Sur');
INSERT INTO `registro_pais` (id, iso, pais) VALUES ('59', 'CI', 'Costa de Marfil');
INSERT INTO `registro_pais` (id, iso, pais) VALUES ('60', 'CR', 'Costa Rica');
INSERT INTO `registro_pais` (id, iso, pais) VALUES ('61', 'HR', 'Croacia');
INSERT INTO `registro_pais` (id, iso, pais) VALUES ('62', 'CU', 'Cuba');
INSERT INTO `registro_pais` (id, iso, pais) VALUES ('63', 'DK', 'Dinamarca');
INSERT INTO `registro_pais` (id, iso, pais) VALUES ('64', 'DM', 'Dominica');
INSERT INTO `registro_pais` (id, iso, pais) VALUES ('65', 'DO', 'República Dominicana');
INSERT INTO `registro_pais` (id, iso, pais) VALUES ('66', 'EC', 'Ecuador');
INSERT INTO `registro_pais` (id, iso, pais) VALUES ('67', 'EG', 'Egipto');
INSERT INTO `registro_pais` (id, iso, pais) VALUES ('68', 'SV', 'El Salvador');
INSERT INTO `registro_pais` (id, iso, pais) VALUES ('69', 'AE', 'Emiratos Árabes Unidos');
INSERT INTO `registro_pais` (id, iso, pais) VALUES ('70', 'ER', 'Eritrea');
INSERT INTO `registro_pais` (id, iso, pais) VALUES ('71', 'SK', 'Eslovaquia');
INSERT INTO `registro_pais` (id, iso, pais) VALUES ('72', 'SI', 'Eslovenia');
INSERT INTO `registro_pais` (id, iso, pais) VALUES ('73', 'ES', 'España');
INSERT INTO `registro_pais` (id, iso, pais) VALUES ('74', 'UM', 'Islas ultramarinas de Estados Unidos');
INSERT INTO `registro_pais` (id, iso, pais) VALUES ('75', 'US', 'Estados Unidos');
INSERT INTO `registro_pais` (id, iso, pais) VALUES ('76', 'EE', 'Estonia');
INSERT INTO `registro_pais` (id, iso, pais) VALUES ('77', 'ET', 'Etiopía');
INSERT INTO `registro_pais` (id, iso, pais) VALUES ('78', 'FO', 'Islas Feroe');
INSERT INTO `registro_pais` (id, iso, pais) VALUES ('79', 'PH', 'Filipinas');
INSERT INTO `registro_pais` (id, iso, pais) VALUES ('80', 'FI', 'Finlandia');
INSERT INTO `registro_pais` (id, iso, pais) VALUES ('81', 'FJ', 'Fiyi');
INSERT INTO `registro_pais` (id, iso, pais) VALUES ('82', 'FR', 'Francia');
INSERT INTO `registro_pais` (id, iso, pais) VALUES ('83', 'GA', 'Gabón');
INSERT INTO `registro_pais` (id, iso, pais) VALUES ('84', 'GM', 'Gambia');
INSERT INTO `registro_pais` (id, iso, pais) VALUES ('85', 'GE', 'Georgia');
INSERT INTO `registro_pais` (id, iso, pais) VALUES ('86', 'GS', 'Islas Georgias del Sur y Sandwich del Sur');
INSERT INTO `registro_pais` (id, iso, pais) VALUES ('87', 'GH', 'Ghana');
INSERT INTO `registro_pais` (id, iso, pais) VALUES ('88', 'GI', 'Gibraltar');
INSERT INTO `registro_pais` (id, iso, pais) VALUES ('89', 'GD', 'Granada');
INSERT INTO `registro_pais` (id, iso, pais) VALUES ('90', 'GR', 'Grecia');
INSERT INTO `registro_pais` (id, iso, pais) VALUES ('91', 'GL', 'Groenlandia');
INSERT INTO `registro_pais` (id, iso, pais) VALUES ('92', 'GP', 'Guadalupe');
INSERT INTO `registro_pais` (id, iso, pais) VALUES ('93', 'GU', 'Guam');
INSERT INTO `registro_pais` (id, iso, pais) VALUES ('94', 'GT', 'Guatemala');
INSERT INTO `registro_pais` (id, iso, pais) VALUES ('95', 'GF', 'Guayana Francesa');
INSERT INTO `registro_pais` (id, iso, pais) VALUES ('96', 'GN', 'Guinea');
INSERT INTO `registro_pais` (id, iso, pais) VALUES ('97', 'GQ', 'Guinea Ecuatorial');
INSERT INTO `registro_pais` (id, iso, pais) VALUES ('98', 'GW', 'Guinea-Bissau');
INSERT INTO `registro_pais` (id, iso, pais) VALUES ('99', 'GY', 'Guyana');
INSERT INTO `registro_pais` (id, iso, pais) VALUES ('100', 'HT', 'Haití');
INSERT INTO `registro_pais` (id, iso, pais) VALUES ('101', 'HM', 'Islas Heard y McDonald');
INSERT INTO `registro_pais` (id, iso, pais) VALUES ('102', 'HN', 'Honduras');
INSERT INTO `registro_pais` (id, iso, pais) VALUES ('103', 'HK', 'Hong Kong');
INSERT INTO `registro_pais` (id, iso, pais) VALUES ('104', 'HU', 'Hungría');
INSERT INTO `registro_pais` (id, iso, pais) VALUES ('105', 'IN', 'India');
INSERT INTO `registro_pais` (id, iso, pais) VALUES ('106', 'ID', 'Indonesia');
INSERT INTO `registro_pais` (id, iso, pais) VALUES ('107', 'IR', 'Irán');
INSERT INTO `registro_pais` (id, iso, pais) VALUES ('108', 'IQ', 'Iraq');
INSERT INTO `registro_pais` (id, iso, pais) VALUES ('109', 'IE', 'Irlanda');
INSERT INTO `registro_pais` (id, iso, pais) VALUES ('110', 'IS', 'Islandia');
INSERT INTO `registro_pais` (id, iso, pais) VALUES ('111', 'IL', 'Israel');
INSERT INTO `registro_pais` (id, iso, pais) VALUES ('112', 'IT', 'Italia');
INSERT INTO `registro_pais` (id, iso, pais) VALUES ('113', 'JM', 'Jamaica');
INSERT INTO `registro_pais` (id, iso, pais) VALUES ('114', 'JP', 'Japón');
INSERT INTO `registro_pais` (id, iso, pais) VALUES ('115', 'JO', 'Jordania');
INSERT INTO `registro_pais` (id, iso, pais) VALUES ('116', 'KZ', 'Kazajstán');
INSERT INTO `registro_pais` (id, iso, pais) VALUES ('117', 'KE', 'Kenia');
INSERT INTO `registro_pais` (id, iso, pais) VALUES ('118', 'KG', 'Kirguistán');
INSERT INTO `registro_pais` (id, iso, pais) VALUES ('119', 'KI', 'Kiribati');
INSERT INTO `registro_pais` (id, iso, pais) VALUES ('120', 'KW', 'Kuwait');
INSERT INTO `registro_pais` (id, iso, pais) VALUES ('121', 'LA', 'Laos');
INSERT INTO `registro_pais` (id, iso, pais) VALUES ('122', 'LS', 'Lesotho');
INSERT INTO `registro_pais` (id, iso, pais) VALUES ('123', 'LV', 'Letonia');
INSERT INTO `registro_pais` (id, iso, pais) VALUES ('124', 'LB', 'Líbano');
INSERT INTO `registro_pais` (id, iso, pais) VALUES ('125', 'LR', 'Liberia');
INSERT INTO `registro_pais` (id, iso, pais) VALUES ('126', 'LY', 'Libia');
INSERT INTO `registro_pais` (id, iso, pais) VALUES ('127', 'LI', 'Liechtenstein');
INSERT INTO `registro_pais` (id, iso, pais) VALUES ('128', 'LT', 'Lituania');
INSERT INTO `registro_pais` (id, iso, pais) VALUES ('129', 'LU', 'Luxemburgo');
INSERT INTO `registro_pais` (id, iso, pais) VALUES ('130', 'MO', 'Macao');
INSERT INTO `registro_pais` (id, iso, pais) VALUES ('131', 'MK', 'ARY Macedonia');
INSERT INTO `registro_pais` (id, iso, pais) VALUES ('132', 'MG', 'Madagascar');
INSERT INTO `registro_pais` (id, iso, pais) VALUES ('133', 'MY', 'Malasia');
INSERT INTO `registro_pais` (id, iso, pais) VALUES ('134', 'MW', 'Malawi');
INSERT INTO `registro_pais` (id, iso, pais) VALUES ('135', 'MV', 'Maldivas');
INSERT INTO `registro_pais` (id, iso, pais) VALUES ('136', 'ML', 'Malí');
INSERT INTO `registro_pais` (id, iso, pais) VALUES ('137', 'MT', 'Malta');
INSERT INTO `registro_pais` (id, iso, pais) VALUES ('138', 'FK', 'Islas Malvinas');
INSERT INTO `registro_pais` (id, iso, pais) VALUES ('139', 'MP', 'Islas Marianas del Norte');
INSERT INTO `registro_pais` (id, iso, pais) VALUES ('140', 'MA', 'Marruecos');
INSERT INTO `registro_pais` (id, iso, pais) VALUES ('141', 'MH', 'Islas Marshall');
INSERT INTO `registro_pais` (id, iso, pais) VALUES ('142', 'MQ', 'Martinica');
INSERT INTO `registro_pais` (id, iso, pais) VALUES ('143', 'MU', 'Mauricio');
INSERT INTO `registro_pais` (id, iso, pais) VALUES ('144', 'MR', 'Mauritania');
INSERT INTO `registro_pais` (id, iso, pais) VALUES ('145', 'YT', 'Mayotte');
INSERT INTO `registro_pais` (id, iso, pais) VALUES ('146', 'MX', 'México');
INSERT INTO `registro_pais` (id, iso, pais) VALUES ('147', 'FM', 'Micronesia');
INSERT INTO `registro_pais` (id, iso, pais) VALUES ('148', 'MD', 'Moldavia');
INSERT INTO `registro_pais` (id, iso, pais) VALUES ('149', 'MC', 'Mónaco');
INSERT INTO `registro_pais` (id, iso, pais) VALUES ('150', 'MN', 'Mongolia');
INSERT INTO `registro_pais` (id, iso, pais) VALUES ('151', 'MS', 'Montserrat');
INSERT INTO `registro_pais` (id, iso, pais) VALUES ('152', 'MZ', 'Mozambique');
INSERT INTO `registro_pais` (id, iso, pais) VALUES ('153', 'MM', 'Myanmar');
INSERT INTO `registro_pais` (id, iso, pais) VALUES ('154', 'NA', 'Namibia');
INSERT INTO `registro_pais` (id, iso, pais) VALUES ('155', 'NR', 'Nauru');
INSERT INTO `registro_pais` (id, iso, pais) VALUES ('156', 'NP', 'Nepal');
INSERT INTO `registro_pais` (id, iso, pais) VALUES ('157', 'NI', 'Nicaragua');
INSERT INTO `registro_pais` (id, iso, pais) VALUES ('158', 'NE', 'Níger');
INSERT INTO `registro_pais` (id, iso, pais) VALUES ('159', 'NG', 'Nigeria');
INSERT INTO `registro_pais` (id, iso, pais) VALUES ('160', 'NU', 'Niue');
INSERT INTO `registro_pais` (id, iso, pais) VALUES ('161', 'NF', 'Isla Norfolk');
INSERT INTO `registro_pais` (id, iso, pais) VALUES ('162', 'NO', 'Noruega');
INSERT INTO `registro_pais` (id, iso, pais) VALUES ('163', 'NC', 'Nueva Caledonia');
INSERT INTO `registro_pais` (id, iso, pais) VALUES ('164', 'NZ', 'Nueva Zelanda');
INSERT INTO `registro_pais` (id, iso, pais) VALUES ('165', 'OM', 'Omán');
INSERT INTO `registro_pais` (id, iso, pais) VALUES ('166', 'NL', 'Países Bajos (Holanda)');
INSERT INTO `registro_pais` (id, iso, pais) VALUES ('167', 'PK', 'Pakistán');
INSERT INTO `registro_pais` (id, iso, pais) VALUES ('168', 'PW', 'Palau');
INSERT INTO `registro_pais` (id, iso, pais) VALUES ('169', 'PS', 'Palestina');
INSERT INTO `registro_pais` (id, iso, pais) VALUES ('170', 'PA', 'Panamá');
INSERT INTO `registro_pais` (id, iso, pais) VALUES ('171', 'PG', 'Papúa Nueva Guinea');
INSERT INTO `registro_pais` (id, iso, pais) VALUES ('172', 'PY', 'Paraguay');
INSERT INTO `registro_pais` (id, iso, pais) VALUES ('173', 'PE', 'Perú');
INSERT INTO `registro_pais` (id, iso, pais) VALUES ('174', 'PN', 'Islas Pitcairn');
INSERT INTO `registro_pais` (id, iso, pais) VALUES ('175', 'PF', 'Polinesia Francesa');
INSERT INTO `registro_pais` (id, iso, pais) VALUES ('176', 'PL', 'Polonia');
INSERT INTO `registro_pais` (id, iso, pais) VALUES ('177', 'PT', 'Portugal');
INSERT INTO `registro_pais` (id, iso, pais) VALUES ('178', 'PR', 'Puerto Rico');
INSERT INTO `registro_pais` (id, iso, pais) VALUES ('179', 'QA', 'Qatar');
INSERT INTO `registro_pais` (id, iso, pais) VALUES ('180', 'GB', 'Reino Unido');
INSERT INTO `registro_pais` (id, iso, pais) VALUES ('181', 'RE', 'Reunión');
INSERT INTO `registro_pais` (id, iso, pais) VALUES ('182', 'RW', 'Ruanda');
INSERT INTO `registro_pais` (id, iso, pais) VALUES ('183', 'RO', 'Rumania');
INSERT INTO `registro_pais` (id, iso, pais) VALUES ('184', 'RU', 'Rusia');
INSERT INTO `registro_pais` (id, iso, pais) VALUES ('185', 'EH', 'Sahara Occidental');
INSERT INTO `registro_pais` (id, iso, pais) VALUES ('186', 'SB', 'Islas Salomón');
INSERT INTO `registro_pais` (id, iso, pais) VALUES ('187', 'WS', 'Samoa');
INSERT INTO `registro_pais` (id, iso, pais) VALUES ('188', 'AS', 'Samoa Americana');
INSERT INTO `registro_pais` (id, iso, pais) VALUES ('189', 'KN', 'San Cristóbal y Nevis');
INSERT INTO `registro_pais` (id, iso, pais) VALUES ('190', 'SM', 'San Marino');
INSERT INTO `registro_pais` (id, iso, pais) VALUES ('191', 'PM', 'San Pedro y Miquelón');
INSERT INTO `registro_pais` (id, iso, pais) VALUES ('192', 'VC', 'San Vicente y las Granadinas');
INSERT INTO `registro_pais` (id, iso, pais) VALUES ('193', 'SH', 'Santa Helena');
INSERT INTO `registro_pais` (id, iso, pais) VALUES ('194', 'LC', 'Santa Lucía');
INSERT INTO `registro_pais` (id, iso, pais) VALUES ('195', 'ST', 'Santo Tomé y Príncipe');
INSERT INTO `registro_pais` (id, iso, pais) VALUES ('196', 'SN', 'Senegal');
INSERT INTO `registro_pais` (id, iso, pais) VALUES ('197', 'CS', 'Serbia y Montenegro');
INSERT INTO `registro_pais` (id, iso, pais) VALUES ('198', 'SC', 'Seychelles');
INSERT INTO `registro_pais` (id, iso, pais) VALUES ('199', 'SL', 'Sierra Leona');
INSERT INTO `registro_pais` (id, iso, pais) VALUES ('200', 'SG', 'Singapur');
INSERT INTO `registro_pais` (id, iso, pais) VALUES ('201', 'SY', 'Siria');
INSERT INTO `registro_pais` (id, iso, pais) VALUES ('202', 'SO', 'Somalia');
INSERT INTO `registro_pais` (id, iso, pais) VALUES ('203', 'LK', 'Sri Lanka');
INSERT INTO `registro_pais` (id, iso, pais) VALUES ('204', 'SZ', 'Suazilandia');
INSERT INTO `registro_pais` (id, iso, pais) VALUES ('205', 'ZA', 'Sudáfrica');
INSERT INTO `registro_pais` (id, iso, pais) VALUES ('206', 'SD', 'Sudán');
INSERT INTO `registro_pais` (id, iso, pais) VALUES ('207', 'SE', 'Suecia');
INSERT INTO `registro_pais` (id, iso, pais) VALUES ('208', 'CH', 'Suiza');
INSERT INTO `registro_pais` (id, iso, pais) VALUES ('209', 'SR', 'Surinam');
INSERT INTO `registro_pais` (id, iso, pais) VALUES ('210', 'SJ', 'Svalbard y Jan Mayen');
INSERT INTO `registro_pais` (id, iso, pais) VALUES ('211', 'TH', 'Tailandia');
INSERT INTO `registro_pais` (id, iso, pais) VALUES ('212', 'TW', 'Taiwán');
INSERT INTO `registro_pais` (id, iso, pais) VALUES ('213', 'TZ', 'Tanzania');
INSERT INTO `registro_pais` (id, iso, pais) VALUES ('214', 'TJ', 'Tayikistán');
INSERT INTO `registro_pais` (id, iso, pais) VALUES ('215', 'IO', 'Territorio Británico del Océano Índico');
INSERT INTO `registro_pais` (id, iso, pais) VALUES ('216', 'TF', 'Territorios Australes Franceses');
INSERT INTO `registro_pais` (id, iso, pais) VALUES ('217', 'TL', 'Timor Oriental');
INSERT INTO `registro_pais` (id, iso, pais) VALUES ('218', 'TG', 'Togo');
INSERT INTO `registro_pais` (id, iso, pais) VALUES ('219', 'TK', 'Tokelau');
INSERT INTO `registro_pais` (id, iso, pais) VALUES ('220', 'TO', 'Tonga');
INSERT INTO `registro_pais` (id, iso, pais) VALUES ('221', 'TT', 'Trinidad y Tobago');
INSERT INTO `registro_pais` (id, iso, pais) VALUES ('222', 'TN', 'Túnez');
INSERT INTO `registro_pais` (id, iso, pais) VALUES ('223', 'TC', 'Islas Turcas y Caicos');
INSERT INTO `registro_pais` (id, iso, pais) VALUES ('224', 'TM', 'Turkmenistán');
INSERT INTO `registro_pais` (id, iso, pais) VALUES ('225', 'TR', 'Turquía');
INSERT INTO `registro_pais` (id, iso, pais) VALUES ('226', 'TV', 'Tuvalu');
INSERT INTO `registro_pais` (id, iso, pais) VALUES ('227', 'UA', 'Ucrania');
INSERT INTO `registro_pais` (id, iso, pais) VALUES ('228', 'UG', 'Uganda');
INSERT INTO `registro_pais` (id, iso, pais) VALUES ('229', 'UY', 'Uruguay');
INSERT INTO `registro_pais` (id, iso, pais) VALUES ('230', 'UZ', 'Uzbekistán');
INSERT INTO `registro_pais` (id, iso, pais) VALUES ('231', 'VU', 'Vanuatu');
INSERT INTO `registro_pais` (id, iso, pais) VALUES ('232', 'VE', 'Venezuela');
INSERT INTO `registro_pais` (id, iso, pais) VALUES ('233', 'VN', 'Vietnam');
INSERT INTO `registro_pais` (id, iso, pais) VALUES ('234', 'VG', 'Islas Vírgenes Británicas');
INSERT INTO `registro_pais` (id, iso, pais) VALUES ('235', 'VI', 'Islas Vírgenes de los Estados Unidos');
INSERT INTO `registro_pais` (id, iso, pais) VALUES ('236', 'WF', 'Wallis y Futuna');
INSERT INTO `registro_pais` (id, iso, pais) VALUES ('237', 'YE', 'Yemen');
INSERT INTO `registro_pais` (id, iso, pais) VALUES ('238', 'DJ', 'Yibuti');
INSERT INTO `registro_pais` (id, iso, pais) VALUES ('239', 'ZM', 'Zambia');
INSERT INTO `registro_pais` (id, iso, pais) VALUES ('240', 'ZW', 'Zimbabue');

INSERT INTO `registro_departamento` (id, departamento) VALUES ('1', 'Chuquisaca');
INSERT INTO `registro_departamento` (id, departamento) VALUES ('2', 'La Paz');
INSERT INTO `registro_departamento` (id, departamento) VALUES ('3', 'Cochabamba');
INSERT INTO `registro_departamento` (id, departamento) VALUES ('4', 'Oruro');
INSERT INTO `registro_departamento` (id, departamento) VALUES ('5', 'Potosi');
INSERT INTO `registro_departamento` (id, departamento) VALUES ('6', 'Tarija');
INSERT INTO `registro_departamento` (id, departamento) VALUES ('7', 'Santa Cruz');
INSERT INTO `registro_departamento` (id, departamento) VALUES ('8', 'Beni');
INSERT INTO `registro_departamento` (id, departamento) VALUES ('9', 'Pando');

INSERT INTO `registro_frascati_nivel` (id, frascati_nivel) VALUES ('1', 'Ciencias Naturales y Exactas');
INSERT INTO `registro_frascati_nivel` (id, frascati_nivel) VALUES ('2', 'Ingenieria y Tecnologia');
INSERT INTO `registro_frascati_nivel` (id, frascati_nivel) VALUES ('3', 'Ciencias Medicas');
INSERT INTO `registro_frascati_nivel` (id, frascati_nivel) VALUES ('4', 'Ciencias Agricolas');
INSERT INTO `registro_frascati_nivel` (id, frascati_nivel) VALUES ('5', 'Ciencias Sociales');
INSERT INTO `registro_frascati_nivel` (id, frascati_nivel) VALUES ('6', 'Humanidades');

INSERT INTO `registro_frascati_categoria` (id, frascati_nivel_id, frascati_categoria) VALUES ('1', '1', 'Matemáticas');
INSERT INTO `registro_frascati_categoria` (id, frascati_nivel_id, frascati_categoria) VALUES ('2', '1', 'Ciencias Físicas');
INSERT INTO `registro_frascati_categoria` (id, frascati_nivel_id, frascati_categoria) VALUES ('3', '1', 'Ciencias Químicas');
INSERT INTO `registro_frascati_categoria` (id, frascati_nivel_id, frascati_categoria) VALUES ('4', '1', 'Ciencias de la tierra y Medio Ambiente');
INSERT INTO `registro_frascati_categoria` (id, frascati_nivel_id, frascati_categoria) VALUES ('5', '1', 'Ciencias Biológicas');
INSERT INTO `registro_frascati_categoria` (id, frascati_nivel_id, frascati_categoria) VALUES ('6', '2', 'Ingeniería Cívil');
INSERT INTO `registro_frascati_categoria` (id, frascati_nivel_id, frascati_categoria) VALUES ('7', '2', 'Ingeniería Eléctrica, Electrónica');
INSERT INTO `registro_frascati_categoria` (id, frascati_nivel_id, frascati_categoria) VALUES ('8', '2', 'Otras Ingenierías');
INSERT INTO `registro_frascati_categoria` (id, frascati_nivel_id, frascati_categoria) VALUES ('9', '3', 'Medicina Básica');
INSERT INTO `registro_frascati_categoria` (id, frascati_nivel_id, frascati_categoria) VALUES ('10', '3', 'Medicina Clínica');
INSERT INTO `registro_frascati_categoria` (id, frascati_nivel_id, frascati_categoria) VALUES ('11', '3', 'Ciencias de la Salud');
INSERT INTO `registro_frascati_categoria` (id, frascati_nivel_id, frascati_categoria) VALUES ('12', '4', 'Agricultura, Silvicultura, Pesca y Ciencias Afines');
INSERT INTO `registro_frascati_categoria` (id, frascati_nivel_id, frascati_categoria) VALUES ('13', '4', 'Medicina Veterinaria');
INSERT INTO `registro_frascati_categoria` (id, frascati_nivel_id, frascati_categoria) VALUES ('14', '5', 'Psicología');
INSERT INTO `registro_frascati_categoria` (id, frascati_nivel_id, frascati_categoria) VALUES ('15', '5', 'Economía');
INSERT INTO `registro_frascati_categoria` (id, frascati_nivel_id, frascati_categoria) VALUES ('16', '5', 'Ciencias de la Educación');
INSERT INTO `registro_frascati_categoria` (id, frascati_nivel_id, frascati_categoria) VALUES ('17', '5', 'Otras Ciencias Sociales');
INSERT INTO `registro_frascati_categoria` (id, frascati_nivel_id, frascati_categoria) VALUES ('18', '6', 'Historia, Aqueologia y Relacionadas');
INSERT INTO `registro_frascati_categoria` (id, frascati_nivel_id, frascati_categoria) VALUES ('19', '6', 'Lengua y Literatura');
INSERT INTO `registro_frascati_categoria` (id, frascati_nivel_id, frascati_categoria) VALUES ('20', '6', 'Otras Ciencias Humanas');